{
  "roc_auc": 0.9871901643255379,
  "threshold_opt": 0.9704967253605351,
  "precision_opt": 0.7372226787181594,
  "recall_opt": 0.6305242656064896,
  "f1_opt": 0.6797116820705434,
  "cm_opt": [
    [
      2862800,
      11193
    ],
    [
      18401,
      31402
    ]
  ]
}